event,operation,output_cipher,input_a,input_b
0,encode,0,0,0
1,encode,0,0,0
2,encrypt,1,0,0
3,mulPlain,2,1,0
4,encode,0,0,0
5,encode,0,0,0
6,encrypt,3,0,0
7,mulPlain,4,3,0
8,encode,0,0,0
9,encode,0,0,0
10,encrypt,5,0,0
11,mulPlain,6,5,0
12,encode,0,0,0
13,encode,0,0,0
14,encrypt,7,0,0
15,mulPlain,8,7,0
16,add,9,6,8
17,add,10,2,4
18,add,11,10,9
19,encode,0,0,0
20,encrypt,12,0,0
21,encode,0,0,0
22,sub,13,12,11
23,mulPlain,14,13,0
24,encode,0,0,0
25,encode,0,0,0
26,encrypt,15,0,0
27,mulPlain,16,15,0
28,encode,0,0,0
29,encode,0,0,0
30,encrypt,17,0,0
31,mulPlain,18,17,0
32,encode,0,0,0
33,encode,0,0,0
34,encrypt,19,0,0
35,mulPlain,20,19,0
36,encode,0,0,0
37,encode,0,0,0
38,encrypt,21,0,0
39,mulPlain,22,21,0
40,add,23,20,22
41,add,24,16,18
42,add,25,24,23
43,sub,26,25,11
44,encode,0,0,0
45,subPlain,27,26,0
46,mulPlain,28,27,0
47,encode,0,0,0
48,subPlain,29,26,0
49,mulPlain,30,29,0
50,encode,0,0,0
51,encode,0,0,0
52,encrypt,31,0,0
53,mulPlain,32,31,0
54,encode,0,0,0
55,encode,0,0,0
56,encrypt,33,0,0
57,mulPlain,34,33,0
58,encode,0,0,0
59,encode,0,0,0
60,encrypt,35,0,0
61,mulPlain,36,35,0
62,encode,0,0,0
63,encode,0,0,0
64,encrypt,37,0,0
65,mulPlain,38,37,0
66,add,39,36,38
67,add,40,32,34
68,add,41,40,39
69,sub,42,41,11
70,encode,0,0,0
71,subPlain,43,42,0
72,mulPlain,44,43,0
73,encode,0,0,0
74,subPlain,45,42,0
75,mulPlain,46,45,0
76,encode,0,0,0
77,encode,0,0,0
78,encrypt,47,0,0
79,mulPlain,48,47,0
80,encode,0,0,0
81,encode,0,0,0
82,encrypt,49,0,0
83,mulPlain,50,49,0
84,encode,0,0,0
85,encode,0,0,0
86,encrypt,51,0,0
87,mulPlain,52,51,0
88,encode,0,0,0
89,encode,0,0,0
90,encrypt,53,0,0
91,mulPlain,54,53,0
92,add,55,52,54
93,add,56,48,50
94,add,57,56,55
95,sub,58,57,11
96,encode,0,0,0
97,subPlain,59,58,0
98,mulPlain,60,59,0
99,encode,0,0,0
100,subPlain,61,58,0
101,mulPlain,62,61,0
102,encode,0,0,0
103,encode,0,0,0
104,encrypt,63,0,0
105,mulPlain,64,63,0
106,encode,0,0,0
107,encode,0,0,0
108,encrypt,65,0,0
109,mulPlain,66,65,0
110,encode,0,0,0
111,encode,0,0,0
112,encrypt,67,0,0
113,mulPlain,68,67,0
114,encode,0,0,0
115,encode,0,0,0
116,encrypt,69,0,0
117,mulPlain,70,69,0
118,add,71,68,70
119,add,72,64,66
120,add,73,72,71
121,sub,74,73,11
122,encode,0,0,0
123,subPlain,75,74,0
124,mulPlain,76,75,0
125,encode,0,0,0
126,subPlain,77,74,0
127,mulPlain,78,77,0
128,encode,0,0,0
129,encode,0,0,0
130,encrypt,79,0,0
131,mulPlain,80,79,0
132,encode,0,0,0
133,encode,0,0,0
134,encrypt,81,0,0
135,mulPlain,82,81,0
136,encode,0,0,0
137,encode,0,0,0
138,encrypt,83,0,0
139,mulPlain,84,83,0
140,encode,0,0,0
141,encode,0,0,0
142,encrypt,85,0,0
143,mulPlain,86,85,0
144,add,87,84,86
145,add,88,80,82
146,add,89,88,87
147,sub,90,89,11
148,encode,0,0,0
149,subPlain,91,90,0
150,mulPlain,92,91,0
151,encode,0,0,0
152,subPlain,93,90,0
153,mulPlain,94,93,0
154,encode,0,0,0
155,encode,0,0,0
156,encrypt,95,0,0
157,mulPlain,96,95,0
158,encode,0,0,0
159,encode,0,0,0
160,encrypt,97,0,0
161,mulPlain,98,97,0
162,encode,0,0,0
163,encode,0,0,0
164,encrypt,99,0,0
165,mulPlain,100,99,0
166,encode,0,0,0
167,encode,0,0,0
168,encrypt,101,0,0
169,mulPlain,102,101,0
170,add,103,100,102
171,add,104,96,98
172,add,105,104,103
173,sub,106,105,11
174,encode,0,0,0
175,subPlain,107,106,0
176,mulPlain,108,107,0
177,encode,0,0,0
178,subPlain,109,106,0
179,mulPlain,110,109,0
180,encode,0,0,0
181,encode,0,0,0
182,encrypt,111,0,0
183,mulPlain,112,111,0
184,encode,0,0,0
185,encode,0,0,0
186,encrypt,113,0,0
187,mulPlain,114,113,0
188,encode,0,0,0
189,encode,0,0,0
190,encrypt,115,0,0
191,mulPlain,116,115,0
192,encode,0,0,0
193,encode,0,0,0
194,encrypt,117,0,0
195,mulPlain,118,117,0
196,add,119,116,118
197,add,120,112,114
198,add,121,120,119
199,encode,0,0,0
200,encrypt,122,0,0
201,encode,0,0,0
202,sub,123,122,121
203,mulPlain,124,123,0
204,encode,0,0,0
205,encode,0,0,0
206,encrypt,125,0,0
207,mulPlain,126,125,0
208,encode,0,0,0
209,encode,0,0,0
210,encrypt,127,0,0
211,mulPlain,128,127,0
212,encode,0,0,0
213,encode,0,0,0
214,encrypt,129,0,0
215,mulPlain,130,129,0
216,encode,0,0,0
217,encode,0,0,0
218,encrypt,131,0,0
219,mulPlain,132,131,0
220,add,133,130,132
221,add,134,126,128
222,add,135,134,133
223,sub,136,135,121
224,encode,0,0,0
225,subPlain,137,136,0
226,mulPlain,138,137,0
227,encode,0,0,0
228,subPlain,139,136,0
229,mulPlain,140,139,0
230,encode,0,0,0
231,encode,0,0,0
232,encrypt,141,0,0
233,mulPlain,142,141,0
234,encode,0,0,0
235,encode,0,0,0
236,encrypt,143,0,0
237,mulPlain,144,143,0
238,encode,0,0,0
239,encode,0,0,0
240,encrypt,145,0,0
241,mulPlain,146,145,0
242,encode,0,0,0
243,encode,0,0,0
244,encrypt,147,0,0
245,mulPlain,148,147,0
246,add,149,146,148
247,add,150,142,144
248,add,151,150,149
249,sub,152,151,121
250,encode,0,0,0
251,subPlain,153,152,0
252,mulPlain,154,153,0
253,encode,0,0,0
254,subPlain,155,152,0
255,mulPlain,156,155,0
256,encode,0,0,0
257,encode,0,0,0
258,encrypt,157,0,0
259,mulPlain,158,157,0
260,encode,0,0,0
261,encode,0,0,0
262,encrypt,159,0,0
263,mulPlain,160,159,0
264,encode,0,0,0
265,encode,0,0,0
266,encrypt,161,0,0
267,mulPlain,162,161,0
268,encode,0,0,0
269,encode,0,0,0
270,encrypt,163,0,0
271,mulPlain,164,163,0
272,add,165,162,164
273,add,166,158,160
274,add,167,166,165
275,sub,168,167,121
276,encode,0,0,0
277,subPlain,169,168,0
278,mulPlain,170,169,0
279,encode,0,0,0
280,subPlain,171,168,0
281,mulPlain,172,171,0
282,encode,0,0,0
283,encode,0,0,0
284,encrypt,173,0,0
285,mulPlain,174,173,0
286,encode,0,0,0
287,encode,0,0,0
288,encrypt,175,0,0
289,mulPlain,176,175,0
290,encode,0,0,0
291,encode,0,0,0
292,encrypt,177,0,0
293,mulPlain,178,177,0
294,encode,0,0,0
295,encode,0,0,0
296,encrypt,179,0,0
297,mulPlain,180,179,0
298,add,181,178,180
299,add,182,174,176
300,add,183,182,181
301,sub,184,183,121
302,encode,0,0,0
303,subPlain,185,184,0
304,mulPlain,186,185,0
305,encode,0,0,0
306,subPlain,187,184,0
307,mulPlain,188,187,0
308,encode,0,0,0
309,encode,0,0,0
310,encrypt,189,0,0
311,mulPlain,190,189,0
312,encode,0,0,0
313,encode,0,0,0
314,encrypt,191,0,0
315,mulPlain,192,191,0
316,encode,0,0,0
317,encode,0,0,0
318,encrypt,193,0,0
319,mulPlain,194,193,0
320,encode,0,0,0
321,encode,0,0,0
322,encrypt,195,0,0
323,mulPlain,196,195,0
324,add,197,194,196
325,add,198,190,192
326,add,199,198,197
327,sub,200,199,121
328,encode,0,0,0
329,subPlain,201,200,0
330,mulPlain,202,201,0
331,encode,0,0,0
332,subPlain,203,200,0
333,mulPlain,204,203,0
334,encode,0,0,0
335,encode,0,0,0
336,encrypt,205,0,0
337,mulPlain,206,205,0
338,encode,0,0,0
339,encode,0,0,0
340,encrypt,207,0,0
341,mulPlain,208,207,0
342,encode,0,0,0
343,encode,0,0,0
344,encrypt,209,0,0
345,mulPlain,210,209,0
346,encode,0,0,0
347,encode,0,0,0
348,encrypt,211,0,0
349,mulPlain,212,211,0
350,add,213,210,212
351,add,214,206,208
352,add,215,214,213
353,sub,216,215,121
354,encode,0,0,0
355,subPlain,217,216,0
356,mulPlain,218,217,0
357,encode,0,0,0
358,subPlain,219,216,0
359,mulPlain,220,219,0
360,decrypt,0,14,0
361,decrypt,0,28,0
362,decrypt,0,30,0
363,decrypt,0,44,0
364,decrypt,0,46,0
365,decrypt,0,60,0
366,decrypt,0,62,0
367,decrypt,0,76,0
368,decrypt,0,78,0
369,decrypt,0,92,0
370,decrypt,0,94,0
371,decrypt,0,108,0
372,decrypt,0,110,0
373,decrypt,0,124,0
374,decrypt,0,138,0
375,decrypt,0,140,0
376,decrypt,0,154,0
377,decrypt,0,156,0
378,decrypt,0,170,0
379,decrypt,0,172,0
380,decrypt,0,186,0
381,decrypt,0,188,0
382,decrypt,0,202,0
383,decrypt,0,204,0
384,decrypt,0,218,0
385,decrypt,0,220,0
