event,operation,values,maximum_abs,minimum_nonzero_abs,output_cipher,input_a,input_b
0,encode,16,1,0.99999999999999289,0,0,0
1,encode,16,118.40000000000001,112.8,0,0,0
2,encrypt,0,0,0,1,0,0
3,mulPlain,0,0,0,2,1,0
4,encode,16,3.5527136788005009e-15,3.5527136788004883e-15,0,0,0
5,encode,16,119,113.40000000000001,0,0,0
6,encrypt,0,0,0,3,0,0
7,mulPlain,0,0,0,4,3,0
8,encode,16,3.5527136788005009e-15,3.5527136788004883e-15,0,0,0
9,encode,16,118.60000000000001,113,0,0,0
10,encrypt,0,0,0,5,0,0
11,mulPlain,0,0,0,6,5,0
12,encode,16,0,inf,0,0,0
13,encode,16,119.2,113.60000000000001,0,0,0
14,encrypt,0,0,0,7,0,0
15,mulPlain,0,0,0,8,7,0
16,add,0,0,0,9,6,8
17,add,0,0,0,10,2,4
18,add,0,0,0,11,10,9
19,encode,16,116,116,0,0,0
20,encrypt,0,0,0,12,0,0
21,encode,16,99.999999992116244,24.999999998029061,0,0,0
22,sub,0,0,0,13,12,11
23,mulPlain,0,0,0,14,13,0
24,encode,16,1,1,0,0,0
25,encode,16,112.8,112.8,0,0,0
26,encrypt,0,0,0,15,0,0
27,mulPlain,0,0,0,16,15,0
28,encode,16,0,inf,0,0,0
29,encode,16,113.40000000000001,113.40000000000001,0,0,0
30,encrypt,0,0,0,17,0,0
31,mulPlain,0,0,0,18,17,0
32,encode,16,0,inf,0,0,0
33,encode,16,113,113,0,0,0
34,encrypt,0,0,0,19,0,0
35,mulPlain,0,0,0,20,19,0
36,encode,16,0,inf,0,0,0
37,encode,16,113.60000000000001,113.60000000000001,0,0,0
38,encrypt,0,0,0,21,0,0
39,mulPlain,0,0,0,22,21,0
40,add,0,0,0,23,20,22
41,add,0,0,0,24,16,18
42,add,0,0,0,25,24,23
43,sub,0,0,0,26,25,11
44,encode,16,44.721359547175211,9.9999999992116226,0,0,0
45,subPlain,0,0,0,27,26,0
46,mulPlain,0,0,0,28,27,0
47,encode,16,44.721359547175211,9.9999999992116226,0,0,0
48,subPlain,0,0,0,29,26,0
49,mulPlain,0,0,0,30,29,0
50,encode,16,0.99999999999999645,0.99999999999999645,0,0,0
51,encode,16,114,114,0,0,0
52,encrypt,0,0,0,31,0,0
53,mulPlain,0,0,0,32,31,0
54,encode,16,3.5527136788005009e-15,3.5527136788005009e-15,0,0,0
55,encode,16,114.60000000000001,114.60000000000001,0,0,0
56,encrypt,0,0,0,33,0,0
57,mulPlain,0,0,0,34,33,0
58,encode,16,0,inf,0,0,0
59,encode,16,114.2,114.2,0,0,0
60,encrypt,0,0,0,35,0,0
61,mulPlain,0,0,0,36,35,0
62,encode,16,0,inf,0,0,0
63,encode,16,114.80000000000001,114.80000000000001,0,0,0
64,encrypt,0,0,0,37,0,0
65,mulPlain,0,0,0,38,37,0
66,add,0,0,0,39,36,38
67,add,0,0,0,40,32,34
68,add,0,0,0,41,40,39
69,sub,0,0,0,42,41,11
70,encode,16,36.05551275267198,9.9999999992116226,0,0,0
71,subPlain,0,0,0,43,42,0
72,mulPlain,0,0,0,44,43,0
73,encode,16,36.05551275267198,9.9999999992116226,0,0,0
74,subPlain,0,0,0,45,42,0
75,mulPlain,0,0,0,46,45,0
76,encode,16,1,1,0,0,0
77,encode,16,115.2,115.2,0,0,0
78,encrypt,0,0,0,47,0,0
79,mulPlain,0,0,0,48,47,0
80,encode,16,0,inf,0,0,0
81,encode,16,115.8,115.8,0,0,0
82,encrypt,0,0,0,49,0,0
83,mulPlain,0,0,0,50,49,0
84,encode,16,0,inf,0,0,0
85,encode,16,115.40000000000001,115.40000000000001,0,0,0
86,encrypt,0,0,0,51,0,0
87,mulPlain,0,0,0,52,51,0
88,encode,16,0,inf,0,0,0
89,encode,16,116,116,0,0,0
90,encrypt,0,0,0,53,0,0
91,mulPlain,0,0,0,54,53,0
92,add,0,0,0,55,52,54
93,add,0,0,0,56,48,50
94,add,0,0,0,57,56,55
95,sub,0,0,0,58,57,11
96,encode,16,31.622776601434484,9.9999999992116226,0,0,0
97,subPlain,0,0,0,59,58,0
98,mulPlain,0,0,0,60,59,0
99,encode,16,31.622776601434484,9.9999999992116226,0,0,0
100,subPlain,0,0,0,61,58,0
101,mulPlain,0,0,0,62,61,0
102,encode,16,0.99999999999999645,0.99999999999999645,0,0,0
103,encode,16,116.40000000000001,116.40000000000001,0,0,0
104,encrypt,0,0,0,63,0,0
105,mulPlain,0,0,0,64,63,0
106,encode,16,3.5527136788005009e-15,3.5527136788005009e-15,0,0,0
107,encode,16,117,117,0,0,0
108,encrypt,0,0,0,65,0,0
109,mulPlain,0,0,0,66,65,0
110,encode,16,0,inf,0,0,0
111,encode,16,116.60000000000001,116.60000000000001,0,0,0
112,encrypt,0,0,0,67,0,0
113,mulPlain,0,0,0,68,67,0
114,encode,16,0,inf,0,0,0
115,encode,16,117.2,117.2,0,0,0
116,encrypt,0,0,0,69,0,0
117,mulPlain,0,0,0,70,69,0
118,add,0,0,0,71,68,70
119,add,0,0,0,72,64,66
120,add,0,0,0,73,72,71
121,sub,0,0,0,74,73,11
122,encode,16,36.055512753765264,9.9999999992116226,0,0,0
123,subPlain,0,0,0,75,74,0
124,mulPlain,0,0,0,76,75,0
125,encode,16,36.055512753765264,9.9999999992116226,0,0,0
126,subPlain,0,0,0,77,74,0
127,mulPlain,0,0,0,78,77,0
128,encode,16,1,1,0,0,0
129,encode,16,117.60000000000001,117.60000000000001,0,0,0
130,encrypt,0,0,0,79,0,0
131,mulPlain,0,0,0,80,79,0
132,encode,16,0,inf,0,0,0
133,encode,16,118.2,118.2,0,0,0
134,encrypt,0,0,0,81,0,0
135,mulPlain,0,0,0,82,81,0
136,encode,16,0,inf,0,0,0
137,encode,16,117.80000000000001,117.80000000000001,0,0,0
138,encrypt,0,0,0,83,0,0
139,mulPlain,0,0,0,84,83,0
140,encode,16,0,inf,0,0,0
141,encode,16,118.40000000000001,118.40000000000001,0,0,0
142,encrypt,0,0,0,85,0,0
143,mulPlain,0,0,0,86,85,0
144,add,0,0,0,87,84,86
145,add,0,0,0,88,80,82
146,add,0,0,0,89,88,87
147,sub,0,0,0,90,89,11
148,encode,16,44.721359547175211,9.9999999992116226,0,0,0
149,subPlain,0,0,0,91,90,0
150,mulPlain,0,0,0,92,91,0
151,encode,16,44.721359547175211,9.9999999992116226,0,0,0
152,subPlain,0,0,0,93,90,0
153,mulPlain,0,0,0,94,93,0
154,encode,16,0.99999999999999645,0.99999999999999645,0,0,0
155,encode,16,118,118,0,0,0
156,encrypt,0,0,0,95,0,0
157,mulPlain,0,0,0,96,95,0
158,encode,16,0,inf,0,0,0
159,encode,16,118.59999999999999,118.59999999999999,0,0,0
160,encrypt,0,0,0,97,0,0
161,mulPlain,0,0,0,98,97,0
162,encode,16,3.5527136788005009e-15,3.5527136788005009e-15,0,0,0
163,encode,16,118.2,118.2,0,0,0
164,encrypt,0,0,0,99,0,0
165,mulPlain,0,0,0,100,99,0
166,encode,16,0,inf,0,0,0
167,encode,16,118.8,118.8,0,0,0
168,encrypt,0,0,0,101,0,0
169,mulPlain,0,0,0,102,101,0
170,add,0,0,0,103,100,102
171,add,0,0,0,104,96,98
172,add,0,0,0,105,104,103
173,sub,0,0,0,106,105,11
174,encode,16,41.231056253117252,9.9999999992116226,0,0,0
175,subPlain,0,0,0,107,106,0
176,mulPlain,0,0,0,108,107,0
177,encode,16,41.231056253117252,9.9999999992116226,0,0,0
178,subPlain,0,0,0,109,106,0
179,mulPlain,0,0,0,110,109,0
180,encode,16,1,1,0,0,0
181,encode,16,118.40000000000001,118.40000000000001,0,0,0
182,encrypt,0,0,0,111,0,0
183,mulPlain,0,0,0,112,111,0
184,encode,16,0,inf,0,0,0
185,encode,16,119,119,0,0,0
186,encrypt,0,0,0,113,0,0
187,mulPlain,0,0,0,114,113,0
188,encode,16,0,inf,0,0,0
189,encode,16,118.60000000000001,118.60000000000001,0,0,0
190,encrypt,0,0,0,115,0,0
191,mulPlain,0,0,0,116,115,0
192,encode,16,0,inf,0,0,0
193,encode,16,119.2,119.2,0,0,0
194,encrypt,0,0,0,117,0,0
195,mulPlain,0,0,0,118,117,0
196,add,0,0,0,119,116,118
197,add,0,0,0,120,112,114
198,add,0,0,0,121,120,119
199,sub,0,0,0,122,121,11
200,encode,16,44.721359547175211,9.9999999992116226,0,0,0
201,subPlain,0,0,0,123,122,0
202,mulPlain,0,0,0,124,123,0
203,encode,16,44.721359547175211,9.9999999992116226,0,0,0
204,subPlain,0,0,0,125,122,0
205,mulPlain,0,0,0,126,125,0
206,encode,16,0.99999999999999645,0.99999999999999645,0,0,0
207,encode,16,118.80000000000001,118.80000000000001,0,0,0
208,encrypt,0,0,0,127,0,0
209,mulPlain,0,0,0,128,127,0
210,encode,16,0,inf,0,0,0
211,encode,16,119.40000000000001,119.40000000000001,0,0,0
212,encrypt,0,0,0,129,0,0
213,mulPlain,0,0,0,130,129,0
214,encode,16,3.5527136788005009e-15,3.5527136788005009e-15,0,0,0
215,encode,16,119,119,0,0,0
216,encrypt,0,0,0,131,0,0
217,mulPlain,0,0,0,132,131,0
218,encode,16,0,inf,0,0,0
219,encode,16,119.59999999999999,119.59999999999999,0,0,0
220,encrypt,0,0,0,133,0,0
221,mulPlain,0,0,0,134,133,0
222,add,0,0,0,135,132,134
223,add,0,0,0,136,128,130
224,add,0,0,0,137,136,135
225,sub,0,0,0,138,137,11
226,encode,16,49.99999999747719,9.9999999999999982,0,0,0
227,subPlain,0,0,0,139,138,0
228,mulPlain,0,0,0,140,139,0
229,encode,16,49.99999999747719,9.9999999999999982,0,0,0
230,subPlain,0,0,0,141,138,0
231,mulPlain,0,0,0,142,141,0
232,encode,16,1,1,0,0,0
233,encode,16,119.2,119.2,0,0,0
234,encrypt,0,0,0,143,0,0
235,mulPlain,0,0,0,144,143,0
236,encode,16,0,inf,0,0,0
237,encode,16,119.8,119.8,0,0,0
238,encrypt,0,0,0,145,0,0
239,mulPlain,0,0,0,146,145,0
240,encode,16,0,inf,0,0,0
241,encode,16,119.40000000000001,119.40000000000001,0,0,0
242,encrypt,0,0,0,147,0,0
243,mulPlain,0,0,0,148,147,0
244,encode,16,0,inf,0,0,0
245,encode,16,120,120,0,0,0
246,encrypt,0,0,0,149,0,0
247,mulPlain,0,0,0,150,149,0
248,add,0,0,0,151,148,150
249,add,0,0,0,152,144,146
250,add,0,0,0,153,152,151
251,sub,0,0,0,154,153,11
252,encode,16,56.568542492693929,19.999999999999996,0,0,0
253,subPlain,0,0,0,155,154,0
254,mulPlain,0,0,0,156,155,0
255,encode,16,56.568542492693929,19.999999999999996,0,0,0
256,subPlain,0,0,0,157,154,0
257,mulPlain,0,0,0,158,157,0
258,encode,16,0.99999999999999645,0.99999999999999645,0,0,0
259,encode,16,118,118,0,0,0
260,encrypt,0,0,0,159,0,0
261,mulPlain,0,0,0,160,159,0
262,encode,16,3.5527136788005009e-15,3.5527136788005009e-15,0,0,0
263,encode,16,118.59999999999999,118.59999999999999,0,0,0
264,encrypt,0,0,0,161,0,0
265,mulPlain,0,0,0,162,161,0
266,encode,16,0,inf,0,0,0
267,encode,16,118.2,118.2,0,0,0
268,encrypt,0,0,0,163,0,0
269,mulPlain,0,0,0,164,163,0
270,encode,16,0,inf,0,0,0
271,encode,16,118.8,118.8,0,0,0
272,encrypt,0,0,0,165,0,0
273,mulPlain,0,0,0,166,165,0
274,add,0,0,0,167,164,166
275,add,0,0,0,168,160,162
276,add,0,0,0,169,168,167
277,sub,0,0,0,170,169,11
278,encode,16,49.999999998580918,19.999999999999996,0,0,0
279,subPlain,0,0,0,171,170,0
280,mulPlain,0,0,0,172,171,0
281,encode,16,49.999999998580918,19.999999999999996,0,0,0
282,subPlain,0,0,0,173,170,0
283,mulPlain,0,0,0,174,173,0
284,encode,16,1,1,0,0,0
285,encode,16,116.8,116.8,0,0,0
286,encrypt,0,0,0,175,0,0
287,mulPlain,0,0,0,176,175,0
288,encode,16,0,inf,0,0,0
289,encode,16,117.39999999999999,117.39999999999999,0,0,0
290,encrypt,0,0,0,177,0,0
291,mulPlain,0,0,0,178,177,0
292,encode,16,0,inf,0,0,0
293,encode,16,117,117,0,0,0
294,encrypt,0,0,0,179,0,0
295,mulPlain,0,0,0,180,179,0
296,encode,16,0,inf,0,0,0
297,encode,16,117.59999999999999,117.59999999999999,0,0,0
298,encrypt,0,0,0,181,0,0
299,mulPlain,0,0,0,182,181,0
300,add,0,0,0,183,180,182
301,add,0,0,0,184,176,178
302,add,0,0,0,185,184,183
303,sub,0,0,0,186,185,11
304,encode,16,44.721359549290639,14.142135623173482,0,0,0
305,subPlain,0,0,0,187,186,0
306,mulPlain,0,0,0,188,187,0
307,encode,16,44.721359549290639,14.142135623173482,0,0,0
308,subPlain,0,0,0,189,186,0
309,mulPlain,0,0,0,190,189,0
310,encode,16,0.99999999999999645,0.99999999999999645,0,0,0
311,encode,16,115.59999999999999,115.59999999999999,0,0,0
312,encrypt,0,0,0,191,0,0
313,mulPlain,0,0,0,192,191,0
314,encode,16,3.5527136788005009e-15,3.5527136788005009e-15,0,0,0
315,encode,16,116.2,116.2,0,0,0
316,encrypt,0,0,0,193,0,0
317,mulPlain,0,0,0,194,193,0
318,encode,16,0,inf,0,0,0
319,encode,16,115.8,115.8,0,0,0
320,encrypt,0,0,0,195,0,0
321,mulPlain,0,0,0,196,195,0
322,encode,16,0,inf,0,0,0
323,encode,16,116.40000000000001,116.40000000000001,0,0,0
324,encrypt,0,0,0,197,0,0
325,mulPlain,0,0,0,198,197,0
326,add,0,0,0,199,196,198
327,add,0,0,0,200,192,194
328,add,0,0,0,201,200,199
329,sub,0,0,0,202,201,11
330,encode,16,49.999999998580918,9.9999999999999982,0,0,0
331,subPlain,0,0,0,203,202,0
332,mulPlain,0,0,0,204,203,0
333,encode,16,49.999999998580918,9.9999999999999982,0,0,0
334,subPlain,0,0,0,205,202,0
335,mulPlain,0,0,0,206,205,0
336,encode,16,1,1,0,0,0
337,encode,16,114.39999999999999,114.39999999999999,0,0,0
338,encrypt,0,0,0,207,0,0
339,mulPlain,0,0,0,208,207,0
340,encode,16,0,inf,0,0,0
341,encode,16,115,115,0,0,0
342,encrypt,0,0,0,209,0,0
343,mulPlain,0,0,0,210,209,0
344,encode,16,0,inf,0,0,0
345,encode,16,114.59999999999999,114.59999999999999,0,0,0
346,encrypt,0,0,0,211,0,0
347,mulPlain,0,0,0,212,211,0
348,encode,16,0,inf,0,0,0
349,encode,16,115.2,115.2,0,0,0
350,encrypt,0,0,0,213,0,0
351,mulPlain,0,0,0,214,213,0
352,add,0,0,0,215,212,214
353,add,0,0,0,216,208,210
354,add,0,0,0,217,216,215
355,sub,0,0,0,218,217,11
356,encode,16,56.568542492693929,14.142135623173482,0,0,0
357,subPlain,0,0,0,219,218,0
358,mulPlain,0,0,0,220,219,0
359,encode,16,56.568542492693929,14.142135623173482,0,0,0
360,subPlain,0,0,0,221,218,0
361,mulPlain,0,0,0,222,221,0
362,encode,16,0.99999999999999645,0.99999999999999645,0,0,0
363,encode,16,114,114,0,0,0
364,encrypt,0,0,0,223,0,0
365,mulPlain,0,0,0,224,223,0
366,encode,16,0,inf,0,0,0
367,encode,16,114.60000000000001,114.60000000000001,0,0,0
368,encrypt,0,0,0,225,0,0
369,mulPlain,0,0,0,226,225,0
370,encode,16,3.5527136788005009e-15,3.5527136788005009e-15,0,0,0
371,encode,16,114.19999999999999,114.19999999999999,0,0,0
372,encrypt,0,0,0,227,0,0
373,mulPlain,0,0,0,228,227,0
374,encode,16,0,inf,0,0,0
375,encode,16,114.8,114.8,0,0,0
376,encrypt,0,0,0,229,0,0
377,mulPlain,0,0,0,230,229,0
378,add,0,0,0,231,228,230
379,add,0,0,0,232,224,226
380,add,0,0,0,233,232,231
381,sub,0,0,0,234,233,11
382,encode,16,49.99999999747719,9.9999999992116226,0,0,0
383,subPlain,0,0,0,235,234,0
384,mulPlain,0,0,0,236,235,0
385,encode,16,49.99999999747719,9.9999999992116226,0,0,0
386,subPlain,0,0,0,237,234,0
387,mulPlain,0,0,0,238,237,0
388,encode,16,1,1,0,0,0
389,encode,16,113.59999999999999,113.59999999999999,0,0,0
390,encrypt,0,0,0,239,0,0
391,mulPlain,0,0,0,240,239,0
392,encode,16,0,inf,0,0,0
393,encode,16,114.2,114.2,0,0,0
394,encrypt,0,0,0,241,0,0
395,mulPlain,0,0,0,242,241,0
396,encode,16,0,inf,0,0,0
397,encode,16,113.8,113.8,0,0,0
398,encrypt,0,0,0,243,0,0
399,mulPlain,0,0,0,244,243,0
400,encode,16,0,inf,0,0,0
401,encode,16,114.40000000000001,114.40000000000001,0,0,0
402,encrypt,0,0,0,245,0,0
403,mulPlain,0,0,0,246,245,0
404,add,0,0,0,247,244,246
405,add,0,0,0,248,240,242
406,add,0,0,0,249,248,247
407,sub,0,0,0,250,249,11
408,encode,16,44.721359547175211,9.9999999992116226,0,0,0
409,subPlain,0,0,0,251,250,0
410,mulPlain,0,0,0,252,251,0
411,encode,16,44.721359547175211,9.9999999992116226,0,0,0
412,subPlain,0,0,0,253,250,0
413,mulPlain,0,0,0,254,253,0
414,encode,16,0.99999999999999645,0.99999999999999645,0,0,0
415,encode,16,113.19999999999999,113.19999999999999,0,0,0
416,encrypt,0,0,0,255,0,0
417,mulPlain,0,0,0,256,255,0
418,encode,16,0,inf,0,0,0
419,encode,16,113.8,113.8,0,0,0
420,encrypt,0,0,0,257,0,0
421,mulPlain,0,0,0,258,257,0
422,encode,16,3.5527136788005009e-15,3.5527136788005009e-15,0,0,0
423,encode,16,113.39999999999999,113.39999999999999,0,0,0
424,encrypt,0,0,0,259,0,0
425,mulPlain,0,0,0,260,259,0
426,encode,16,0,inf,0,0,0
427,encode,16,114,114,0,0,0
428,encrypt,0,0,0,261,0,0
429,mulPlain,0,0,0,262,261,0
430,add,0,0,0,263,260,262
431,add,0,0,0,264,256,258
432,add,0,0,0,265,264,263
433,sub,0,0,0,266,265,11
434,encode,16,41.231056253117252,9.9999999992116226,0,0,0
435,subPlain,0,0,0,267,266,0
436,mulPlain,0,0,0,268,267,0
437,encode,16,41.231056253117252,9.9999999992116226,0,0,0
438,subPlain,0,0,0,269,266,0
439,mulPlain,0,0,0,270,269,0
440,encode,16,1,0.99999999999999289,0,0,0
441,encode,16,119.2,112.8,0,0,0
442,encrypt,0,0,0,271,0,0
443,mulPlain,0,0,0,272,271,0
444,encode,16,3.5527136788005009e-15,3.5527136788004883e-15,0,0,0
445,encode,16,119.8,113.40000000000001,0,0,0
446,encrypt,0,0,0,273,0,0
447,mulPlain,0,0,0,274,273,0
448,encode,16,3.5527136788005009e-15,3.5527136788004883e-15,0,0,0
449,encode,16,119.40000000000001,113,0,0,0
450,encrypt,0,0,0,275,0,0
451,mulPlain,0,0,0,276,275,0
452,encode,16,0,inf,0,0,0
453,encode,16,120,113.60000000000001,0,0,0
454,encrypt,0,0,0,277,0,0
455,mulPlain,0,0,0,278,277,0
456,add,0,0,0,279,276,278
457,add,0,0,0,280,272,274
458,add,0,0,0,281,280,279
459,encode,16,116,116,0,0,0
460,encrypt,0,0,0,282,0,0
461,encode,16,99.999999992116244,24.999999998029061,0,0,0
462,sub,0,0,0,283,282,281
463,mulPlain,0,0,0,284,283,0
464,encode,16,1,1,0,0,0
465,encode,16,112.8,112.8,0,0,0
466,encrypt,0,0,0,285,0,0
467,mulPlain,0,0,0,286,285,0
468,encode,16,0,inf,0,0,0
469,encode,16,113.40000000000001,113.40000000000001,0,0,0
470,encrypt,0,0,0,287,0,0
471,mulPlain,0,0,0,288,287,0
472,encode,16,0,inf,0,0,0
473,encode,16,113,113,0,0,0
474,encrypt,0,0,0,289,0,0
475,mulPlain,0,0,0,290,289,0
476,encode,16,0,inf,0,0,0
477,encode,16,113.60000000000001,113.60000000000001,0,0,0
478,encrypt,0,0,0,291,0,0
479,mulPlain,0,0,0,292,291,0
480,add,0,0,0,293,290,292
481,add,0,0,0,294,286,288
482,add,0,0,0,295,294,293
483,sub,0,0,0,296,295,281
484,encode,16,56.568542492693929,9.9999999992116226,0,0,0
485,subPlain,0,0,0,297,296,0
486,mulPlain,0,0,0,298,297,0
487,encode,16,56.568542492693929,9.9999999992116226,0,0,0
488,subPlain,0,0,0,299,296,0
489,mulPlain,0,0,0,300,299,0
490,encode,16,0.99999999999999645,0.99999999999999645,0,0,0
491,encode,16,114,114,0,0,0
492,encrypt,0,0,0,301,0,0
493,mulPlain,0,0,0,302,301,0
494,encode,16,3.5527136788005009e-15,3.5527136788005009e-15,0,0,0
495,encode,16,114.60000000000001,114.60000000000001,0,0,0
496,encrypt,0,0,0,303,0,0
497,mulPlain,0,0,0,304,303,0
498,encode,16,0,inf,0,0,0
499,encode,16,114.2,114.2,0,0,0
500,encrypt,0,0,0,305,0,0
501,mulPlain,0,0,0,306,305,0
502,encode,16,0,inf,0,0,0
503,encode,16,114.80000000000001,114.80000000000001,0,0,0
504,encrypt,0,0,0,307,0,0
505,mulPlain,0,0,0,308,307,0
506,add,0,0,0,309,306,308
507,add,0,0,0,310,302,304
508,add,0,0,0,311,310,309
509,sub,0,0,0,312,311,281
510,encode,16,49.999999998580918,9.9999999992116226,0,0,0
511,subPlain,0,0,0,313,312,0
512,mulPlain,0,0,0,314,313,0
513,encode,16,49.999999998580918,9.9999999992116226,0,0,0
514,subPlain,0,0,0,315,312,0
515,mulPlain,0,0,0,316,315,0
516,encode,16,1,1,0,0,0
517,encode,16,115.2,115.2,0,0,0
518,encrypt,0,0,0,317,0,0
519,mulPlain,0,0,0,318,317,0
520,encode,16,0,inf,0,0,0
521,encode,16,115.8,115.8,0,0,0
522,encrypt,0,0,0,319,0,0
523,mulPlain,0,0,0,320,319,0
524,encode,16,0,inf,0,0,0
525,encode,16,115.40000000000001,115.40000000000001,0,0,0
526,encrypt,0,0,0,321,0,0
527,mulPlain,0,0,0,322,321,0
528,encode,16,0,inf,0,0,0
529,encode,16,116,116,0,0,0
530,encrypt,0,0,0,323,0,0
531,mulPlain,0,0,0,324,323,0
532,add,0,0,0,325,322,324
533,add,0,0,0,326,318,320
534,add,0,0,0,327,326,325
535,sub,0,0,0,328,327,281
536,encode,16,44.721359549290639,9.9999999992116226,0,0,0
537,subPlain,0,0,0,329,328,0
538,mulPlain,0,0,0,330,329,0
539,encode,16,44.721359549290639,9.9999999992116226,0,0,0
540,subPlain,0,0,0,331,328,0
541,mulPlain,0,0,0,332,331,0
542,encode,16,0.99999999999999645,0.99999999999999645,0,0,0
543,encode,16,116.40000000000001,116.40000000000001,0,0,0
544,encrypt,0,0,0,333,0,0
545,mulPlain,0,0,0,334,333,0
546,encode,16,3.5527136788005009e-15,3.5527136788005009e-15,0,0,0
547,encode,16,117,117,0,0,0
548,encrypt,0,0,0,335,0,0
549,mulPlain,0,0,0,336,335,0
550,encode,16,0,inf,0,0,0
551,encode,16,116.60000000000001,116.60000000000001,0,0,0
552,encrypt,0,0,0,337,0,0
553,mulPlain,0,0,0,338,337,0
554,encode,16,0,inf,0,0,0
555,encode,16,117.2,117.2,0,0,0
556,encrypt,0,0,0,339,0,0
557,mulPlain,0,0,0,340,339,0
558,add,0,0,0,341,338,340
559,add,0,0,0,342,334,336
560,add,0,0,0,343,342,341
561,sub,0,0,0,344,343,281
562,encode,16,49.999999998580918,9.9999999992116226,0,0,0
563,subPlain,0,0,0,345,344,0
564,mulPlain,0,0,0,346,345,0
565,encode,16,49.999999998580918,9.9999999992116226,0,0,0
566,subPlain,0,0,0,347,344,0
567,mulPlain,0,0,0,348,347,0
568,encode,16,1,1,0,0,0
569,encode,16,117.60000000000001,117.60000000000001,0,0,0
570,encrypt,0,0,0,349,0,0
571,mulPlain,0,0,0,350,349,0
572,encode,16,0,inf,0,0,0
573,encode,16,118.2,118.2,0,0,0
574,encrypt,0,0,0,351,0,0
575,mulPlain,0,0,0,352,351,0
576,encode,16,0,inf,0,0,0
577,encode,16,117.80000000000001,117.80000000000001,0,0,0
578,encrypt,0,0,0,353,0,0
579,mulPlain,0,0,0,354,353,0
580,encode,16,0,inf,0,0,0
581,encode,16,118.40000000000001,118.40000000000001,0,0,0
582,encrypt,0,0,0,355,0,0
583,mulPlain,0,0,0,356,355,0
584,add,0,0,0,357,354,356
585,add,0,0,0,358,350,352
586,add,0,0,0,359,358,357
587,sub,0,0,0,360,359,281
588,encode,16,56.568542492693929,9.9999999992116226,0,0,0
589,subPlain,0,0,0,361,360,0
590,mulPlain,0,0,0,362,361,0
591,encode,16,56.568542492693929,9.9999999992116226,0,0,0
592,subPlain,0,0,0,363,360,0
593,mulPlain,0,0,0,364,363,0
594,encode,16,0.99999999999999645,0.99999999999999645,0,0,0
595,encode,16,118,118,0,0,0
596,encrypt,0,0,0,365,0,0
597,mulPlain,0,0,0,366,365,0
598,encode,16,0,inf,0,0,0
599,encode,16,118.59999999999999,118.59999999999999,0,0,0
600,encrypt,0,0,0,367,0,0
601,mulPlain,0,0,0,368,367,0
602,encode,16,3.5527136788005009e-15,3.5527136788005009e-15,0,0,0
603,encode,16,118.2,118.2,0,0,0
604,encrypt,0,0,0,369,0,0
605,mulPlain,0,0,0,370,369,0
606,encode,16,0,inf,0,0,0
607,encode,16,118.8,118.8,0,0,0
608,encrypt,0,0,0,371,0,0
609,mulPlain,0,0,0,372,371,0
610,add,0,0,0,373,370,372
611,add,0,0,0,374,366,368
612,add,0,0,0,375,374,373
613,sub,0,0,0,376,375,281
614,encode,16,49.99999999747719,9.9999999999999982,0,0,0
615,subPlain,0,0,0,377,376,0
616,mulPlain,0,0,0,378,377,0
617,encode,16,49.99999999747719,9.9999999999999982,0,0,0
618,subPlain,0,0,0,379,376,0
619,mulPlain,0,0,0,380,379,0
620,encode,16,1,1,0,0,0
621,encode,16,118.40000000000001,118.40000000000001,0,0,0
622,encrypt,0,0,0,381,0,0
623,mulPlain,0,0,0,382,381,0
624,encode,16,0,inf,0,0,0
625,encode,16,119,119,0,0,0
626,encrypt,0,0,0,383,0,0
627,mulPlain,0,0,0,384,383,0
628,encode,16,0,inf,0,0,0
629,encode,16,118.60000000000001,118.60000000000001,0,0,0
630,encrypt,0,0,0,385,0,0
631,mulPlain,0,0,0,386,385,0
632,encode,16,0,inf,0,0,0
633,encode,16,119.2,119.2,0,0,0
634,encrypt,0,0,0,387,0,0
635,mulPlain,0,0,0,388,387,0
636,add,0,0,0,389,386,388
637,add,0,0,0,390,382,384
638,add,0,0,0,391,390,389
639,sub,0,0,0,392,391,281
640,encode,16,44.721359547175211,9.9999999999999982,0,0,0
641,subPlain,0,0,0,393,392,0
642,mulPlain,0,0,0,394,393,0
643,encode,16,44.721359547175211,9.9999999999999982,0,0,0
644,subPlain,0,0,0,395,392,0
645,mulPlain,0,0,0,396,395,0
646,encode,16,0.99999999999999645,0.99999999999999645,0,0,0
647,encode,16,118.80000000000001,118.80000000000001,0,0,0
648,encrypt,0,0,0,397,0,0
649,mulPlain,0,0,0,398,397,0
650,encode,16,0,inf,0,0,0
651,encode,16,119.40000000000001,119.40000000000001,0,0,0
652,encrypt,0,0,0,399,0,0
653,mulPlain,0,0,0,400,399,0
654,encode,16,3.5527136788005009e-15,3.5527136788005009e-15,0,0,0
655,encode,16,119,119,0,0,0
656,encrypt,0,0,0,401,0,0
657,mulPlain,0,0,0,402,401,0
658,encode,16,0,inf,0,0,0
659,encode,16,119.59999999999999,119.59999999999999,0,0,0
660,encrypt,0,0,0,403,0,0
661,mulPlain,0,0,0,404,403,0
662,add,0,0,0,405,402,404
663,add,0,0,0,406,398,400
664,add,0,0,0,407,406,405
665,sub,0,0,0,408,407,281
666,encode,16,49.99999999747719,9.9999999992116226,0,0,0
667,subPlain,0,0,0,409,408,0
668,mulPlain,0,0,0,410,409,0
669,encode,16,49.99999999747719,9.9999999992116226,0,0,0
670,subPlain,0,0,0,411,408,0
671,mulPlain,0,0,0,412,411,0
672,encode,16,1,1,0,0,0
673,encode,16,119.2,119.2,0,0,0
674,encrypt,0,0,0,413,0,0
675,mulPlain,0,0,0,414,413,0
676,encode,16,0,inf,0,0,0
677,encode,16,119.8,119.8,0,0,0
678,encrypt,0,0,0,415,0,0
679,mulPlain,0,0,0,416,415,0
680,encode,16,0,inf,0,0,0
681,encode,16,119.40000000000001,119.40000000000001,0,0,0
682,encrypt,0,0,0,417,0,0
683,mulPlain,0,0,0,418,417,0
684,encode,16,0,inf,0,0,0
685,encode,16,120,120,0,0,0
686,encrypt,0,0,0,419,0,0
687,mulPlain,0,0,0,420,419,0
688,add,0,0,0,421,418,420
689,add,0,0,0,422,414,416
690,add,0,0,0,423,422,421
691,sub,0,0,0,424,423,281
692,encode,16,56.568542492693929,9.9999999992116226,0,0,0
693,subPlain,0,0,0,425,424,0
694,mulPlain,0,0,0,426,425,0
695,encode,16,56.568542492693929,9.9999999992116226,0,0,0
696,subPlain,0,0,0,427,424,0
697,mulPlain,0,0,0,428,427,0
698,encode,16,0.99999999999999645,0.99999999999999645,0,0,0
699,encode,16,118,118,0,0,0
700,encrypt,0,0,0,429,0,0
701,mulPlain,0,0,0,430,429,0
702,encode,16,3.5527136788005009e-15,3.5527136788005009e-15,0,0,0
703,encode,16,118.59999999999999,118.59999999999999,0,0,0
704,encrypt,0,0,0,431,0,0
705,mulPlain,0,0,0,432,431,0
706,encode,16,0,inf,0,0,0
707,encode,16,118.2,118.2,0,0,0
708,encrypt,0,0,0,433,0,0
709,mulPlain,0,0,0,434,433,0
710,encode,16,0,inf,0,0,0
711,encode,16,118.8,118.8,0,0,0
712,encrypt,0,0,0,435,0,0
713,mulPlain,0,0,0,436,435,0
714,add,0,0,0,437,434,436
715,add,0,0,0,438,430,432
716,add,0,0,0,439,438,437
717,sub,0,0,0,440,439,281
718,encode,16,49.999999998580918,9.9999999992116226,0,0,0
719,subPlain,0,0,0,441,440,0
720,mulPlain,0,0,0,442,441,0
721,encode,16,49.999999998580918,9.9999999992116226,0,0,0
722,subPlain,0,0,0,443,440,0
723,mulPlain,0,0,0,444,443,0
724,encode,16,1,1,0,0,0
725,encode,16,116.8,116.8,0,0,0
726,encrypt,0,0,0,445,0,0
727,mulPlain,0,0,0,446,445,0
728,encode,16,0,inf,0,0,0
729,encode,16,117.39999999999999,117.39999999999999,0,0,0
730,encrypt,0,0,0,447,0,0
731,mulPlain,0,0,0,448,447,0
732,encode,16,0,inf,0,0,0
733,encode,16,117,117,0,0,0
734,encrypt,0,0,0,449,0,0
735,mulPlain,0,0,0,450,449,0
736,encode,16,0,inf,0,0,0
737,encode,16,117.59999999999999,117.59999999999999,0,0,0
738,encrypt,0,0,0,451,0,0
739,mulPlain,0,0,0,452,451,0
740,add,0,0,0,453,450,452
741,add,0,0,0,454,446,448
742,add,0,0,0,455,454,453
743,sub,0,0,0,456,455,281
744,encode,16,44.721359549290639,9.9999999992116226,0,0,0
745,subPlain,0,0,0,457,456,0
746,mulPlain,0,0,0,458,457,0
747,encode,16,44.721359549290639,9.9999999992116226,0,0,0
748,subPlain,0,0,0,459,456,0
749,mulPlain,0,0,0,460,459,0
750,encode,16,0.99999999999999645,0.99999999999999645,0,0,0
751,encode,16,115.59999999999999,115.59999999999999,0,0,0
752,encrypt,0,0,0,461,0,0
753,mulPlain,0,0,0,462,461,0
754,encode,16,3.5527136788005009e-15,3.5527136788005009e-15,0,0,0
755,encode,16,116.2,116.2,0,0,0
756,encrypt,0,0,0,463,0,0
757,mulPlain,0,0,0,464,463,0
758,encode,16,0,inf,0,0,0
759,encode,16,115.8,115.8,0,0,0
760,encrypt,0,0,0,465,0,0
761,mulPlain,0,0,0,466,465,0
762,encode,16,0,inf,0,0,0
763,encode,16,116.40000000000001,116.40000000000001,0,0,0
764,encrypt,0,0,0,467,0,0
765,mulPlain,0,0,0,468,467,0
766,add,0,0,0,469,466,468
767,add,0,0,0,470,462,464
768,add,0,0,0,471,470,469
769,sub,0,0,0,472,471,281
770,encode,16,49.999999998580918,9.9999999992116226,0,0,0
771,subPlain,0,0,0,473,472,0
772,mulPlain,0,0,0,474,473,0
773,encode,16,49.999999998580918,9.9999999992116226,0,0,0
774,subPlain,0,0,0,475,472,0
775,mulPlain,0,0,0,476,475,0
776,encode,16,1,1,0,0,0
777,encode,16,114.39999999999999,114.39999999999999,0,0,0
778,encrypt,0,0,0,477,0,0
779,mulPlain,0,0,0,478,477,0
780,encode,16,0,inf,0,0,0
781,encode,16,115,115,0,0,0
782,encrypt,0,0,0,479,0,0
783,mulPlain,0,0,0,480,479,0
784,encode,16,0,inf,0,0,0
785,encode,16,114.59999999999999,114.59999999999999,0,0,0
786,encrypt,0,0,0,481,0,0
787,mulPlain,0,0,0,482,481,0
788,encode,16,0,inf,0,0,0
789,encode,16,115.2,115.2,0,0,0
790,encrypt,0,0,0,483,0,0
791,mulPlain,0,0,0,484,483,0
792,add,0,0,0,485,482,484
793,add,0,0,0,486,478,480
794,add,0,0,0,487,486,485
795,sub,0,0,0,488,487,281
796,encode,16,56.568542492693929,9.9999999992116226,0,0,0
797,subPlain,0,0,0,489,488,0
798,mulPlain,0,0,0,490,489,0
799,encode,16,56.568542492693929,9.9999999992116226,0,0,0
800,subPlain,0,0,0,491,488,0
801,mulPlain,0,0,0,492,491,0
802,encode,16,0.99999999999999645,0.99999999999999645,0,0,0
803,encode,16,114,114,0,0,0
804,encrypt,0,0,0,493,0,0
805,mulPlain,0,0,0,494,493,0
806,encode,16,0,inf,0,0,0
807,encode,16,114.60000000000001,114.60000000000001,0,0,0
808,encrypt,0,0,0,495,0,0
809,mulPlain,0,0,0,496,495,0
810,encode,16,3.5527136788005009e-15,3.5527136788005009e-15,0,0,0
811,encode,16,114.19999999999999,114.19999999999999,0,0,0
812,encrypt,0,0,0,497,0,0
813,mulPlain,0,0,0,498,497,0
814,encode,16,0,inf,0,0,0
815,encode,16,114.8,114.8,0,0,0
816,encrypt,0,0,0,499,0,0
817,mulPlain,0,0,0,500,499,0
818,add,0,0,0,501,498,500
819,add,0,0,0,502,494,496
820,add,0,0,0,503,502,501
821,sub,0,0,0,504,503,281
822,encode,16,49.99999999747719,9.9999999999999982,0,0,0
823,subPlain,0,0,0,505,504,0
824,mulPlain,0,0,0,506,505,0
825,encode,16,49.99999999747719,9.9999999999999982,0,0,0
826,subPlain,0,0,0,507,504,0
827,mulPlain,0,0,0,508,507,0
828,encode,16,1,1,0,0,0
829,encode,16,113.59999999999999,113.59999999999999,0,0,0
830,encrypt,0,0,0,509,0,0
831,mulPlain,0,0,0,510,509,0
832,encode,16,0,inf,0,0,0
833,encode,16,114.2,114.2,0,0,0
834,encrypt,0,0,0,511,0,0
835,mulPlain,0,0,0,512,511,0
836,encode,16,0,inf,0,0,0
837,encode,16,113.8,113.8,0,0,0
838,encrypt,0,0,0,513,0,0
839,mulPlain,0,0,0,514,513,0
840,encode,16,0,inf,0,0,0
841,encode,16,114.40000000000001,114.40000000000001,0,0,0
842,encrypt,0,0,0,515,0,0
843,mulPlain,0,0,0,516,515,0
844,add,0,0,0,517,514,516
845,add,0,0,0,518,510,512
846,add,0,0,0,519,518,517
847,sub,0,0,0,520,519,281
848,encode,16,44.721359547175211,9.9999999999999982,0,0,0
849,subPlain,0,0,0,521,520,0
850,mulPlain,0,0,0,522,521,0
851,encode,16,44.721359547175211,9.9999999999999982,0,0,0
852,subPlain,0,0,0,523,520,0
853,mulPlain,0,0,0,524,523,0
854,encode,16,0.99999999999999645,0.99999999999999645,0,0,0
855,encode,16,113.19999999999999,113.19999999999999,0,0,0
856,encrypt,0,0,0,525,0,0
857,mulPlain,0,0,0,526,525,0
858,encode,16,0,inf,0,0,0
859,encode,16,113.8,113.8,0,0,0
860,encrypt,0,0,0,527,0,0
861,mulPlain,0,0,0,528,527,0
862,encode,16,3.5527136788005009e-15,3.5527136788005009e-15,0,0,0
863,encode,16,113.39999999999999,113.39999999999999,0,0,0
864,encrypt,0,0,0,529,0,0
865,mulPlain,0,0,0,530,529,0
866,encode,16,0,inf,0,0,0
867,encode,16,114,114,0,0,0
868,encrypt,0,0,0,531,0,0
869,mulPlain,0,0,0,532,531,0
870,add,0,0,0,533,530,532
871,add,0,0,0,534,526,528
872,add,0,0,0,535,534,533
873,sub,0,0,0,536,535,281
874,encode,16,49.99999999747719,9.9999999999999982,0,0,0
875,subPlain,0,0,0,537,536,0
876,mulPlain,0,0,0,538,537,0
877,encode,16,49.99999999747719,9.9999999999999982,0,0,0
878,subPlain,0,0,0,539,536,0
879,mulPlain,0,0,0,540,539,0
880,encode,9,1,0.99999999999999645,0,0,0
881,encode,9,119.2,113.19999999999999,0,0,0
882,encrypt,0,0,0,541,0,0
883,mulPlain,0,0,0,542,541,0
884,encode,9,3.5527136788005009e-15,3.5527136788005009e-15,0,0,0
885,encode,9,119.8,113.8,0,0,0
886,encrypt,0,0,0,543,0,0
887,mulPlain,0,0,0,544,543,0
888,encode,9,3.5527136788005009e-15,3.5527136788005009e-15,0,0,0
889,encode,9,119.40000000000001,113.39999999999999,0,0,0
890,encrypt,0,0,0,545,0,0
891,mulPlain,0,0,0,546,545,0
892,encode,9,0,inf,0,0,0
893,encode,9,120,114,0,0,0
894,encrypt,0,0,0,547,0,0
895,mulPlain,0,0,0,548,547,0
896,add,0,0,0,549,546,548
897,add,0,0,0,550,542,544
898,add,0,0,0,551,550,549
899,encode,9,116,116,0,0,0
900,encrypt,0,0,0,552,0,0
901,encode,9,24.999999998029061,24.999999998029061,0,0,0
902,sub,0,0,0,553,552,551
903,mulPlain,0,0,0,554,553,0
904,encode,9,1,1,0,0,0
905,encode,9,112.8,112.8,0,0,0
906,encrypt,0,0,0,555,0,0
907,mulPlain,0,0,0,556,555,0
908,encode,9,0,inf,0,0,0
909,encode,9,113.40000000000001,113.40000000000001,0,0,0
910,encrypt,0,0,0,557,0,0
911,mulPlain,0,0,0,558,557,0
912,encode,9,0,inf,0,0,0
913,encode,9,113,113,0,0,0
914,encrypt,0,0,0,559,0,0
915,mulPlain,0,0,0,560,559,0
916,encode,9,0,inf,0,0,0
917,encode,9,113.60000000000001,113.60000000000001,0,0,0
918,encrypt,0,0,0,561,0,0
919,mulPlain,0,0,0,562,561,0
920,add,0,0,0,563,560,562
921,add,0,0,0,564,556,558
922,add,0,0,0,565,564,563
923,sub,0,0,0,566,565,551
924,encode,9,56.568542492693929,9.9999999999999982,0,0,0
925,subPlain,0,0,0,567,566,0
926,mulPlain,0,0,0,568,567,0
927,encode,9,56.568542492693929,9.9999999999999982,0,0,0
928,subPlain,0,0,0,569,566,0
929,mulPlain,0,0,0,570,569,0
930,encode,9,0.99999999999999645,0.99999999999999645,0,0,0
931,encode,9,114,114,0,0,0
932,encrypt,0,0,0,571,0,0
933,mulPlain,0,0,0,572,571,0
934,encode,9,3.5527136788005009e-15,3.5527136788005009e-15,0,0,0
935,encode,9,114.60000000000001,114.60000000000001,0,0,0
936,encrypt,0,0,0,573,0,0
937,mulPlain,0,0,0,574,573,0
938,encode,9,0,inf,0,0,0
939,encode,9,114.2,114.2,0,0,0
940,encrypt,0,0,0,575,0,0
941,mulPlain,0,0,0,576,575,0
942,encode,9,0,inf,0,0,0
943,encode,9,114.80000000000001,114.80000000000001,0,0,0
944,encrypt,0,0,0,577,0,0
945,mulPlain,0,0,0,578,577,0
946,add,0,0,0,579,576,578
947,add,0,0,0,580,572,574
948,add,0,0,0,581,580,579
949,sub,0,0,0,582,581,551
950,encode,9,49.999999998580918,14.142135623173482,0,0,0
951,subPlain,0,0,0,583,582,0
952,mulPlain,0,0,0,584,583,0
953,encode,9,49.999999998580918,14.142135623173482,0,0,0
954,subPlain,0,0,0,585,582,0
955,mulPlain,0,0,0,586,585,0
956,encode,9,1,1,0,0,0
957,encode,9,115.2,115.2,0,0,0
958,encrypt,0,0,0,587,0,0
959,mulPlain,0,0,0,588,587,0
960,encode,9,0,inf,0,0,0
961,encode,9,115.8,115.8,0,0,0
962,encrypt,0,0,0,589,0,0
963,mulPlain,0,0,0,590,589,0
964,encode,9,0,inf,0,0,0
965,encode,9,115.40000000000001,115.40000000000001,0,0,0
966,encrypt,0,0,0,591,0,0
967,mulPlain,0,0,0,592,591,0
968,encode,9,0,inf,0,0,0
969,encode,9,116,116,0,0,0
970,encrypt,0,0,0,593,0,0
971,mulPlain,0,0,0,594,593,0
972,add,0,0,0,595,592,594
973,add,0,0,0,596,588,590
974,add,0,0,0,597,596,595
975,sub,0,0,0,598,597,551
976,encode,9,44.721359549290639,22.360679773587606,0,0,0
977,subPlain,0,0,0,599,598,0
978,mulPlain,0,0,0,600,599,0
979,encode,9,44.721359549290639,22.360679773587606,0,0,0
980,subPlain,0,0,0,601,598,0
981,mulPlain,0,0,0,602,601,0
982,encode,9,0.99999999999999645,0.99999999999999645,0,0,0
983,encode,9,116.40000000000001,116.40000000000001,0,0,0
984,encrypt,0,0,0,603,0,0
985,mulPlain,0,0,0,604,603,0
986,encode,9,3.5527136788005009e-15,3.5527136788005009e-15,0,0,0
987,encode,9,117,117,0,0,0
988,encrypt,0,0,0,605,0,0
989,mulPlain,0,0,0,606,605,0
990,encode,9,0,inf,0,0,0
991,encode,9,116.60000000000001,116.60000000000001,0,0,0
992,encrypt,0,0,0,607,0,0
993,mulPlain,0,0,0,608,607,0
994,encode,9,0,inf,0,0,0
995,encode,9,117.2,117.2,0,0,0
996,encrypt,0,0,0,609,0,0
997,mulPlain,0,0,0,610,609,0
998,add,0,0,0,611,608,610
999,add,0,0,0,612,604,606
1000,add,0,0,0,613,612,611
1001,sub,0,0,0,614,613,551
1002,encode,9,49.999999998580918,31.622776599440034,0,0,0
1003,subPlain,0,0,0,615,614,0
1004,mulPlain,0,0,0,616,615,0
1005,encode,9,49.999999998580918,31.622776599440034,0,0,0
1006,subPlain,0,0,0,617,614,0
1007,mulPlain,0,0,0,618,617,0
1008,encode,9,1,1,0,0,0
1009,encode,9,117.60000000000001,117.60000000000001,0,0,0
1010,encrypt,0,0,0,619,0,0
1011,mulPlain,0,0,0,620,619,0
1012,encode,9,0,inf,0,0,0
1013,encode,9,118.2,118.2,0,0,0
1014,encrypt,0,0,0,621,0,0
1015,mulPlain,0,0,0,622,621,0
1016,encode,9,0,inf,0,0,0
1017,encode,9,117.80000000000001,117.80000000000001,0,0,0
1018,encrypt,0,0,0,623,0,0
1019,mulPlain,0,0,0,624,623,0
1020,encode,9,0,inf,0,0,0
1021,encode,9,118.40000000000001,118.40000000000001,0,0,0
1022,encrypt,0,0,0,625,0,0
1023,mulPlain,0,0,0,626,625,0
1024,add,0,0,0,627,624,626
1025,add,0,0,0,628,620,622
1026,add,0,0,0,629,628,627
1027,sub,0,0,0,630,629,551
1028,encode,9,56.568542492693929,29.999999999999996,0,0,0
1029,subPlain,0,0,0,631,630,0
1030,mulPlain,0,0,0,632,631,0
1031,encode,9,56.568542492693929,29.999999999999996,0,0,0
1032,subPlain,0,0,0,633,630,0
1033,mulPlain,0,0,0,634,633,0
1034,encode,9,0.99999999999999645,0.99999999999999645,0,0,0
1035,encode,9,118,118,0,0,0
1036,encrypt,0,0,0,635,0,0
1037,mulPlain,0,0,0,636,635,0
1038,encode,9,0,inf,0,0,0
1039,encode,9,118.59999999999999,118.59999999999999,0,0,0
1040,encrypt,0,0,0,637,0,0
1041,mulPlain,0,0,0,638,637,0
1042,encode,9,3.5527136788005009e-15,3.5527136788005009e-15,0,0,0
1043,encode,9,118.2,118.2,0,0,0
1044,encrypt,0,0,0,639,0,0
1045,mulPlain,0,0,0,640,639,0
1046,encode,9,0,inf,0,0,0
1047,encode,9,118.8,118.8,0,0,0
1048,encrypt,0,0,0,641,0,0
1049,mulPlain,0,0,0,642,641,0
1050,add,0,0,0,643,640,642
1051,add,0,0,0,644,636,638
1052,add,0,0,0,645,644,643
1053,sub,0,0,0,646,645,551
1054,encode,9,49.99999999747719,19.999999999999996,0,0,0
1055,subPlain,0,0,0,647,646,0
1056,mulPlain,0,0,0,648,647,0
1057,encode,9,49.99999999747719,19.999999999999996,0,0,0
1058,subPlain,0,0,0,649,646,0
1059,mulPlain,0,0,0,650,649,0
1060,encode,9,1,1,0,0,0
1061,encode,9,118.40000000000001,118.40000000000001,0,0,0
1062,encrypt,0,0,0,651,0,0
1063,mulPlain,0,0,0,652,651,0
1064,encode,9,0,inf,0,0,0
1065,encode,9,119,119,0,0,0
1066,encrypt,0,0,0,653,0,0
1067,mulPlain,0,0,0,654,653,0
1068,encode,9,0,inf,0,0,0
1069,encode,9,118.60000000000001,118.60000000000001,0,0,0
1070,encrypt,0,0,0,655,0,0
1071,mulPlain,0,0,0,656,655,0
1072,encode,9,0,inf,0,0,0
1073,encode,9,119.2,119.2,0,0,0
1074,encrypt,0,0,0,657,0,0
1075,mulPlain,0,0,0,658,657,0
1076,add,0,0,0,659,656,658
1077,add,0,0,0,660,652,654
1078,add,0,0,0,661,660,659
1079,sub,0,0,0,662,661,551
1080,encode,9,44.721359547175211,9.9999999999999982,0,0,0
1081,subPlain,0,0,0,663,662,0
1082,mulPlain,0,0,0,664,663,0
1083,encode,9,44.721359547175211,9.9999999999999982,0,0,0
1084,subPlain,0,0,0,665,662,0
1085,mulPlain,0,0,0,666,665,0
1086,encode,9,0.99999999999999645,0.99999999999999645,0,0,0
1087,encode,9,118.80000000000001,118.80000000000001,0,0,0
1088,encrypt,0,0,0,667,0,0
1089,mulPlain,0,0,0,668,667,0
1090,encode,9,0,inf,0,0,0
1091,encode,9,119.40000000000001,119.40000000000001,0,0,0
1092,encrypt,0,0,0,669,0,0
1093,mulPlain,0,0,0,670,669,0
1094,encode,9,3.5527136788005009e-15,3.5527136788005009e-15,0,0,0
1095,encode,9,119,119,0,0,0
1096,encrypt,0,0,0,671,0,0
1097,mulPlain,0,0,0,672,671,0
1098,encode,9,0,inf,0,0,0
1099,encode,9,119.59999999999999,119.59999999999999,0,0,0
1100,encrypt,0,0,0,673,0,0
1101,mulPlain,0,0,0,674,673,0
1102,add,0,0,0,675,672,674
1103,add,0,0,0,676,668,670
1104,add,0,0,0,677,676,675
1105,sub,0,0,0,678,677,551
1106,encode,9,44.721359547175211,9.9999999999999982,0,0,0
1107,subPlain,0,0,0,679,678,0
1108,mulPlain,0,0,0,680,679,0
1109,encode,9,44.721359547175211,9.9999999999999982,0,0,0
1110,subPlain,0,0,0,681,678,0
1111,mulPlain,0,0,0,682,681,0
1112,encode,9,1,1,0,0,0
1113,encode,9,119.2,119.2,0,0,0
1114,encrypt,0,0,0,683,0,0
1115,mulPlain,0,0,0,684,683,0
1116,encode,9,0,inf,0,0,0
1117,encode,9,119.8,119.8,0,0,0
1118,encrypt,0,0,0,685,0,0
1119,mulPlain,0,0,0,686,685,0
1120,encode,9,0,inf,0,0,0
1121,encode,9,119.40000000000001,119.40000000000001,0,0,0
1122,encrypt,0,0,0,687,0,0
1123,mulPlain,0,0,0,688,687,0
1124,encode,9,0,inf,0,0,0
1125,encode,9,120,120,0,0,0
1126,encrypt,0,0,0,689,0,0
1127,mulPlain,0,0,0,690,689,0
1128,add,0,0,0,691,688,690
1129,add,0,0,0,692,684,686
1130,add,0,0,0,693,692,691
1131,sub,0,0,0,694,693,551
1132,encode,9,49.99999999747719,9.9999999992116226,0,0,0
1133,subPlain,0,0,0,695,694,0
1134,mulPlain,0,0,0,696,695,0
1135,encode,9,49.99999999747719,9.9999999992116226,0,0,0
1136,subPlain,0,0,0,697,694,0
1137,mulPlain,0,0,0,698,697,0
1138,encode,9,0.99999999999999645,0.99999999999999645,0,0,0
1139,encode,9,118,118,0,0,0
1140,encrypt,0,0,0,699,0,0
1141,mulPlain,0,0,0,700,699,0
1142,encode,9,3.5527136788005009e-15,3.5527136788005009e-15,0,0,0
1143,encode,9,118.59999999999999,118.59999999999999,0,0,0
1144,encrypt,0,0,0,701,0,0
1145,mulPlain,0,0,0,702,701,0
1146,encode,9,0,inf,0,0,0
1147,encode,9,118.2,118.2,0,0,0
1148,encrypt,0,0,0,703,0,0
1149,mulPlain,0,0,0,704,703,0
1150,encode,9,0,inf,0,0,0
1151,encode,9,118.8,118.8,0,0,0
1152,encrypt,0,0,0,705,0,0
1153,mulPlain,0,0,0,706,705,0
1154,add,0,0,0,707,704,706
1155,add,0,0,0,708,700,702
1156,add,0,0,0,709,708,707
1157,sub,0,0,0,710,709,551
1158,encode,9,42.426406869520449,9.9999999992116226,0,0,0
1159,subPlain,0,0,0,711,710,0
1160,mulPlain,0,0,0,712,711,0
1161,encode,9,42.426406869520449,9.9999999992116226,0,0,0
1162,subPlain,0,0,0,713,710,0
1163,mulPlain,0,0,0,714,713,0
1164,encode,9,1,1,0,0,0
1165,encode,9,116.8,116.8,0,0,0
1166,encrypt,0,0,0,715,0,0
1167,mulPlain,0,0,0,716,715,0
1168,encode,9,0,inf,0,0,0
1169,encode,9,117.39999999999999,117.39999999999999,0,0,0
1170,encrypt,0,0,0,717,0,0
1171,mulPlain,0,0,0,718,717,0
1172,encode,9,0,inf,0,0,0
1173,encode,9,117,117,0,0,0
1174,encrypt,0,0,0,719,0,0
1175,mulPlain,0,0,0,720,719,0
1176,encode,9,0,inf,0,0,0
1177,encode,9,117.59999999999999,117.59999999999999,0,0,0
1178,encrypt,0,0,0,721,0,0
1179,mulPlain,0,0,0,722,721,0
1180,add,0,0,0,723,720,722
1181,add,0,0,0,724,716,718
1182,add,0,0,0,725,724,723
1183,sub,0,0,0,726,725,551
1184,encode,9,36.055512753765264,9.9999999992116226,0,0,0
1185,subPlain,0,0,0,727,726,0
1186,mulPlain,0,0,0,728,727,0
1187,encode,9,36.055512753765264,9.9999999992116226,0,0,0
1188,subPlain,0,0,0,729,726,0
1189,mulPlain,0,0,0,730,729,0
1190,encode,9,0.99999999999999645,0.99999999999999645,0,0,0
1191,encode,9,115.59999999999999,115.59999999999999,0,0,0
1192,encrypt,0,0,0,731,0,0
1193,mulPlain,0,0,0,732,731,0
1194,encode,9,3.5527136788005009e-15,3.5527136788005009e-15,0,0,0
1195,encode,9,116.2,116.2,0,0,0
1196,encrypt,0,0,0,733,0,0
1197,mulPlain,0,0,0,734,733,0
1198,encode,9,0,inf,0,0,0
1199,encode,9,115.8,115.8,0,0,0
1200,encrypt,0,0,0,735,0,0
1201,mulPlain,0,0,0,736,735,0
1202,encode,9,0,inf,0,0,0
1203,encode,9,116.40000000000001,116.40000000000001,0,0,0
1204,encrypt,0,0,0,737,0,0
1205,mulPlain,0,0,0,738,737,0
1206,add,0,0,0,739,736,738
1207,add,0,0,0,740,732,734
1208,add,0,0,0,741,740,739
1209,sub,0,0,0,742,741,551
1210,encode,9,31.622776601434484,9.9999999992116226,0,0,0
1211,subPlain,0,0,0,743,742,0
1212,mulPlain,0,0,0,744,743,0
1213,encode,9,31.622776601434484,9.9999999992116226,0,0,0
1214,subPlain,0,0,0,745,742,0
1215,mulPlain,0,0,0,746,745,0
1216,encode,9,1,1,0,0,0
1217,encode,9,114.39999999999999,114.39999999999999,0,0,0
1218,encrypt,0,0,0,747,0,0
1219,mulPlain,0,0,0,748,747,0
1220,encode,9,0,inf,0,0,0
1221,encode,9,115,115,0,0,0
1222,encrypt,0,0,0,749,0,0
1223,mulPlain,0,0,0,750,749,0
1224,encode,9,0,inf,0,0,0
1225,encode,9,114.59999999999999,114.59999999999999,0,0,0
1226,encrypt,0,0,0,751,0,0
1227,mulPlain,0,0,0,752,751,0
1228,encode,9,0,inf,0,0,0
1229,encode,9,115.2,115.2,0,0,0
1230,encrypt,0,0,0,753,0,0
1231,mulPlain,0,0,0,754,753,0
1232,add,0,0,0,755,752,754
1233,add,0,0,0,756,748,750
1234,add,0,0,0,757,756,755
1235,sub,0,0,0,758,757,551
1236,encode,9,41.231056253117252,9.9999999992116226,0,0,0
1237,subPlain,0,0,0,759,758,0
1238,mulPlain,0,0,0,760,759,0
1239,encode,9,41.231056253117252,9.9999999992116226,0,0,0
1240,subPlain,0,0,0,761,758,0
1241,mulPlain,0,0,0,762,761,0
1242,encode,9,0.99999999999999645,0.99999999999999645,0,0,0
1243,encode,9,114,114,0,0,0
1244,encrypt,0,0,0,763,0,0
1245,mulPlain,0,0,0,764,763,0
1246,encode,9,0,inf,0,0,0
1247,encode,9,114.60000000000001,114.60000000000001,0,0,0
1248,encrypt,0,0,0,765,0,0
1249,mulPlain,0,0,0,766,765,0
1250,encode,9,3.5527136788005009e-15,3.5527136788005009e-15,0,0,0
1251,encode,9,114.19999999999999,114.19999999999999,0,0,0
1252,encrypt,0,0,0,767,0,0
1253,mulPlain,0,0,0,768,767,0
1254,encode,9,0,inf,0,0,0
1255,encode,9,114.8,114.8,0,0,0
1256,encrypt,0,0,0,769,0,0
1257,mulPlain,0,0,0,770,769,0
1258,add,0,0,0,771,768,770
1259,add,0,0,0,772,764,766
1260,add,0,0,0,773,772,771
1261,sub,0,0,0,774,773,551
1262,encode,9,41.231056253117252,9.9999999999999982,0,0,0
1263,subPlain,0,0,0,775,774,0
1264,mulPlain,0,0,0,776,775,0
1265,encode,9,41.231056253117252,9.9999999999999982,0,0,0
1266,subPlain,0,0,0,777,774,0
1267,mulPlain,0,0,0,778,777,0
1268,encode,9,1,1,0,0,0
1269,encode,9,113.59999999999999,113.59999999999999,0,0,0
1270,encrypt,0,0,0,779,0,0
1271,mulPlain,0,0,0,780,779,0
1272,encode,9,0,inf,0,0,0
1273,encode,9,114.2,114.2,0,0,0
1274,encrypt,0,0,0,781,0,0
1275,mulPlain,0,0,0,782,781,0
1276,encode,9,0,inf,0,0,0
1277,encode,9,113.8,113.8,0,0,0
1278,encrypt,0,0,0,783,0,0
1279,mulPlain,0,0,0,784,783,0
1280,encode,9,0,inf,0,0,0
1281,encode,9,114.40000000000001,114.40000000000001,0,0,0
1282,encrypt,0,0,0,785,0,0
1283,mulPlain,0,0,0,786,785,0
1284,add,0,0,0,787,784,786
1285,add,0,0,0,788,780,782
1286,add,0,0,0,789,788,787
1287,sub,0,0,0,790,789,551
1288,encode,9,44.721359547175211,9.9999999999999982,0,0,0
1289,subPlain,0,0,0,791,790,0
1290,mulPlain,0,0,0,792,791,0
1291,encode,9,44.721359547175211,9.9999999999999982,0,0,0
1292,subPlain,0,0,0,793,790,0
1293,mulPlain,0,0,0,794,793,0
1294,encode,9,0.99999999999999645,0.99999999999999645,0,0,0
1295,encode,9,113.19999999999999,113.19999999999999,0,0,0
1296,encrypt,0,0,0,795,0,0
1297,mulPlain,0,0,0,796,795,0
1298,encode,9,0,inf,0,0,0
1299,encode,9,113.8,113.8,0,0,0
1300,encrypt,0,0,0,797,0,0
1301,mulPlain,0,0,0,798,797,0
1302,encode,9,3.5527136788005009e-15,3.5527136788005009e-15,0,0,0
1303,encode,9,113.39999999999999,113.39999999999999,0,0,0
1304,encrypt,0,0,0,799,0,0
1305,mulPlain,0,0,0,800,799,0
1306,encode,9,0,inf,0,0,0
1307,encode,9,114,114,0,0,0
1308,encrypt,0,0,0,801,0,0
1309,mulPlain,0,0,0,802,801,0
1310,add,0,0,0,803,800,802
1311,add,0,0,0,804,796,798
1312,add,0,0,0,805,804,803
1313,sub,0,0,0,806,805,551
1314,encode,9,49.99999999747719,9.9999999999999982,0,0,0
1315,subPlain,0,0,0,807,806,0
1316,mulPlain,0,0,0,808,807,0
1317,encode,9,49.99999999747719,9.9999999999999982,0,0,0
1318,subPlain,0,0,0,809,806,0
1319,mulPlain,0,0,0,810,809,0
1320,decrypt,0,0,0,0,14,0
1321,decrypt,0,0,0,0,28,0
1322,decrypt,0,0,0,0,30,0
1323,decrypt,0,0,0,0,44,0
1324,decrypt,0,0,0,0,46,0
1325,decrypt,0,0,0,0,60,0
1326,decrypt,0,0,0,0,62,0
1327,decrypt,0,0,0,0,76,0
1328,decrypt,0,0,0,0,78,0
1329,decrypt,0,0,0,0,92,0
1330,decrypt,0,0,0,0,94,0
1331,decrypt,0,0,0,0,108,0
1332,decrypt,0,0,0,0,110,0
1333,decrypt,0,0,0,0,124,0
1334,decrypt,0,0,0,0,126,0
1335,decrypt,0,0,0,0,140,0
1336,decrypt,0,0,0,0,142,0
1337,decrypt,0,0,0,0,156,0
1338,decrypt,0,0,0,0,158,0
1339,decrypt,0,0,0,0,172,0
1340,decrypt,0,0,0,0,174,0
1341,decrypt,0,0,0,0,188,0
1342,decrypt,0,0,0,0,190,0
1343,decrypt,0,0,0,0,204,0
1344,decrypt,0,0,0,0,206,0
1345,decrypt,0,0,0,0,220,0
1346,decrypt,0,0,0,0,222,0
1347,decrypt,0,0,0,0,236,0
1348,decrypt,0,0,0,0,238,0
1349,decrypt,0,0,0,0,252,0
1350,decrypt,0,0,0,0,254,0
1351,decrypt,0,0,0,0,268,0
1352,decrypt,0,0,0,0,270,0
1353,decrypt,0,0,0,0,284,0
1354,decrypt,0,0,0,0,298,0
1355,decrypt,0,0,0,0,300,0
1356,decrypt,0,0,0,0,314,0
1357,decrypt,0,0,0,0,316,0
1358,decrypt,0,0,0,0,330,0
1359,decrypt,0,0,0,0,332,0
1360,decrypt,0,0,0,0,346,0
1361,decrypt,0,0,0,0,348,0
1362,decrypt,0,0,0,0,362,0
1363,decrypt,0,0,0,0,364,0
1364,decrypt,0,0,0,0,378,0
1365,decrypt,0,0,0,0,380,0
1366,decrypt,0,0,0,0,394,0
1367,decrypt,0,0,0,0,396,0
1368,decrypt,0,0,0,0,410,0
1369,decrypt,0,0,0,0,412,0
1370,decrypt,0,0,0,0,426,0
1371,decrypt,0,0,0,0,428,0
1372,decrypt,0,0,0,0,442,0
1373,decrypt,0,0,0,0,444,0
1374,decrypt,0,0,0,0,458,0
1375,decrypt,0,0,0,0,460,0
1376,decrypt,0,0,0,0,474,0
1377,decrypt,0,0,0,0,476,0
1378,decrypt,0,0,0,0,490,0
1379,decrypt,0,0,0,0,492,0
1380,decrypt,0,0,0,0,506,0
1381,decrypt,0,0,0,0,508,0
1382,decrypt,0,0,0,0,522,0
1383,decrypt,0,0,0,0,524,0
1384,decrypt,0,0,0,0,538,0
1385,decrypt,0,0,0,0,540,0
1386,decrypt,0,0,0,0,554,0
1387,decrypt,0,0,0,0,568,0
1388,decrypt,0,0,0,0,570,0
1389,decrypt,0,0,0,0,584,0
1390,decrypt,0,0,0,0,586,0
1391,decrypt,0,0,0,0,600,0
1392,decrypt,0,0,0,0,602,0
1393,decrypt,0,0,0,0,616,0
1394,decrypt,0,0,0,0,618,0
1395,decrypt,0,0,0,0,632,0
1396,decrypt,0,0,0,0,634,0
1397,decrypt,0,0,0,0,648,0
1398,decrypt,0,0,0,0,650,0
1399,decrypt,0,0,0,0,664,0
1400,decrypt,0,0,0,0,666,0
1401,decrypt,0,0,0,0,680,0
1402,decrypt,0,0,0,0,682,0
1403,decrypt,0,0,0,0,696,0
1404,decrypt,0,0,0,0,698,0
1405,decrypt,0,0,0,0,712,0
1406,decrypt,0,0,0,0,714,0
1407,decrypt,0,0,0,0,728,0
1408,decrypt,0,0,0,0,730,0
1409,decrypt,0,0,0,0,744,0
1410,decrypt,0,0,0,0,746,0
1411,decrypt,0,0,0,0,760,0
1412,decrypt,0,0,0,0,762,0
1413,decrypt,0,0,0,0,776,0
1414,decrypt,0,0,0,0,778,0
1415,decrypt,0,0,0,0,792,0
1416,decrypt,0,0,0,0,794,0
1417,decrypt,0,0,0,0,808,0
1418,decrypt,0,0,0,0,810,0
